{
  "rmse_mean": 37.39597495396932,
  "mae_mean": 29.10974407196045,
  "patient_ids": [
    "85101",
    "85102",
    "85104",
    "85105",
    "85106",
    "85107",
    "85111",
    "85112",
    "85116",
    "85117",
    "85118",
    "85119",
    "85120",
    "85121",
    "85122",
    "85123",
    "85124",
    "85125",
    "85126",
    "85201",
    "85202",
    "85204",
    "85207",
    "85208",
    "85209",
    "85211",
    "85214",
    "85215",
    "85216",
    "85217",
    "85218",
    "85219",
    "85220",
    "85221",
    "85222",
    "85224"
  ],
  "horizon_steps": 12,
  "target_index": 11,
  "target_minutes": 60,
  "model": "lstm_dtw",
  "gamma": 1.0,
  "lookback": 24,
  "tuning_patient": "85202",
  "hyperparameters": {
    "hidden_size": 256,
    "num_layers": 2,
    "dropout": 0.03841730037902259,
    "lr": 0.0009956305642692335,
    "batch_size": 512
  }
}