{
  "rmse_mean": 39.271012994978165,
  "mae_mean": 29.00066926744249,
  "patient_ids": [
    "85101",
    "85102",
    "85104",
    "85105",
    "85106",
    "85107",
    "85111",
    "85112",
    "85116",
    "85117",
    "85118",
    "85119",
    "85120",
    "85121",
    "85122",
    "85123",
    "85124",
    "85125",
    "85126",
    "85201",
    "85202",
    "85204",
    "85207",
    "85208",
    "85209",
    "85211",
    "85214",
    "85215",
    "85216",
    "85217",
    "85218",
    "85219",
    "85220",
    "85221",
    "85222",
    "85224"
  ],
  "horizon_steps": 12,
  "target_index": 11,
  "target_minutes": 60,
  "model": "patchtst_per_patient",
  "lookback": 24,
  "tuning_patient": "85202",
  "hyperparameters": {
    "d_model": 64,
    "n_heads": 4,
    "n_layers": 3,
    "dim_ff": 256,
    "dropout": 0.025405743060852786,
    "lr": 0.00012116603187391654,
    "batch_size": 128
  }
}